epoch,accuracy,loss,lr,val_accuracy,val_loss
0,0.7199885845184326,0.826204240322113,0.001,0.6877866983413696,1.1291999816894531
1,0.8142843246459961,0.5580787062644958,0.001,0.6674311757087708,0.9411620497703552
2,0.8563926219940186,0.4391481578350067,0.001,0.6717316508293152,1.5712374448776245
